Email,Subject,Message
vijay.ragul.50@gmail.com,dddd,ppppppppppppppp
,,
b@kkk,jsj,nljvlkejj
vijay.ragul.50@gmail.com,bhh,jhjguyu
vijay.ragul.50@gmail.com,ddddd,xxxxxxxxxx
vijay.ragul.50@gmail.com,ddddd,xxxxxxxxxx
vijay.ragul.50@gmail.com,ddddd,xxxxxxxxxx
vijay.ragul.50@gmail.com,ddddd,xxxxxxxxxx
vijay.ragul.50@gmail.com,ddddd,xxxxxxxxxx
vijay.ragul.50@gmail.com,ddddd,xxxxxxxxxx
vijay.ragul.50@gmail.com,ddddd,xxxxxxxxxx
vijay.ragul.50@gmail.com,ddddd,xxxxxxxxxx
vijay.ragul.50@gmail.com,ddddd,xxxxxxxxxx
vijay.ragul.50@gmail.com,ddddd,xxxxxxxxxx
vijay.ragul.50@gmail.com,ddddd,xxxxxxxxxx
vijay.ragul.50@gmail.com,ddddd,xxxxxxxxxx
vijay.ragul.50@gmail.com,ddddd,xxxxxxxxxx
vijay.ragul.50@gmail.com,ddddd,xxxxxxxxxx
vijay.ragul.50@gmail.com,ddddd,xxxxxxxxxx
vijay.ragul.50@gmail.com,ddddd,xxxxxxxxxx
vijay.ragul.50@gmail.com,ddddd,xxxxxxxxxx
vijay.ragul.50@gmail.com,ddddd,xxxxxxxxxx
vijay.ragul.50@gmail.com,ddddd,xxxxxxxxxx
vijay.ragul.50@gmail.com,ddddd,xxxxxxxxxx
vijay.ragul.50@gmail.com,ddddd,xxxxxxxxxx
vijay.ragul.50@gmail.com,ddddd,xxxxxxxxxx
vijay.ragul.50@gmail.com,ddddd,xxxxxxxxxx
vijay.ragul.50@gmail.com,ddddd,xxxxxxxxxx
vijay.ragul.50@gmail.com,ddddd,xxxxxxxxxx
vijay.ragul.50@gmail.com,ddddd,xxxxxxxxxx
vijay.ragul.50@gmail.com,ddddd,xxxxxxxxxx
vijay.ragul.50@gmail.com,ddddd,xxxxxxxxxx
vijay.ragul.50@gmail.com,ddddd,xxxxxxxxxx
vijay.ragul.50@gmail.com,ddddd,xxxxxxxxxx
vijay.ragul.50@gmail.com,ddddd,xxxxxxxxxx
vijay.ragul.50@gmail.com,ddddd,xxxxxxxxxx
vijay.ragul.50@gmail.com,ddddd,xxxxxxxxxx
vijay.ragul.50@gmail.com,ddddd,xxxxxxxxxx
vijay.ragul.50@gmail.com,ddddd,xxxxxxxxxx
vijay.ragul.50@gmail.com,ddddd,xxxxxxxxxx
vijay.ragul.50@gmail.com,ddddd,xxxxxxxxxx
vijay.ragul.50@gmail.com,ddddd,xxxxxxxxxx
vijay.ragul.50@gmail.com,sss,klklsklnvio
,,
,,
,,
vijay.ragul.50@gmail.com,,
,,
